{"starting_price": 175.7472446647534, "starting_inventory": [29.099146953839604, 16.701435601315026, 0.0, 36.14988577479186, 4.474731173893431, 16.417037893976236, 0.0, 0.0, 0.0, 0.0]}