{"starting_price": 184.19707220017995, "starting_inventory": [23.708665711272662, 24.690878935336862, 0.0, 27.95212816327612, 12.954451762815415, 9.928471081420954, 0.3986196331677515, 0.0, 3.8857521040979455, 2.7009596480551896]}