{"2DO+NVt": {"best_levels": [113.50344413186292, 57.3503187765763], "best_reward": 0.4598475008940155}, "2DO+VOL": {"best_levels": [109.60344413186289, 35.875223143603414], "best_reward": 0.4349018643740019}}