{"starting_price": 175.7472446647534, "starting_inventory": [25.377993330849563, 23.816709073458195, 0.0, 28.454936375493354, 11.63411280788433, 7.396193651303212, 0.0, 0.0, 3.1504099007502875, 2.271151420819561]}