{"starting_price": 175.7472446647534, "starting_inventory": [24.287721908888393, 26.369999745506306, 0.0, 28.454936375493354, 12.339679601590559, 10.020963974574292, 0.0, 0.0, 0.6430089975170221, 6.172009968595112]}