{"starting_price": 175.7472446647534, "starting_inventory": [23.585453417677645, 19.590859182931624, 0.0, 31.278955130618062, 4.654446521158304, 15.561296125056014, 0.0, 0.0, 1.060939075470506, 6.412054092892617]}