{"2DO+NVt": {"best_levels": [93.03274520971526, 69.47073621086166], "best_reward": 0.5001981144515509}, "2DO+VOL": {"best_levels": [113.23274520971522, 78.1995153476031], "best_reward": 0.4759293930435455}}