{"starting_price": 184.19707220017995, "starting_inventory": [35.46668453377392, 12.658681421248096, 0.0, 21.499328120483618, 0.0, 8.843397331802928, 0.0, 0.0, 6.036644865336095, 4.138377983998082]}