{"max_reward": 2028.9264259469644, "inventory_position": [22.675435908695125, 22.029185985297314, 21.43274577474539, 20.88146876248672, 15.461367969363085, 7.478747609092101, 0.0, 0.0, 0.0, 0.0], "issuance": [0.0, 0.0, 0.0, 5.032836491975133, 7.804887194104064, 7.478747609092101, 0.0, 0.0, 0.0, 0.0], "production": [4.642128134683958, 7.054999851428661, 6.6249915879190935], "purchasing": 23.376738050201286, "purchasing_cost": 4180.35385741056, "holding_cost": 282.548046911774, "expected_revenues": 6400.96957308516, "decay_salvage": 90.85875718412859}