{"starting_price": 184.19707220017995, "starting_inventory": [20.703190199157557, 21.766901292858922, 0.0, 25.788229092075223, 13.253443878551517, 11.7076261209929, 0.0, 0.0, 0.0, 0.0]}