{"2DO+NVt": {"best_levels": [90.53697915373091, 67.06216841530298], "best_reward": 0.4595662266512154}, "2DO+VOL": {"best_levels": [106.13697915373082, 72.8735178907121], "best_reward": 0.4096013291473725}}