{"starting_price": 184.19707220017995, "starting_inventory": [29.40080938371264, 8.885942844123205, 0.0, 23.15751070603576, 0.0, 11.391689331162969, 0.0, 0.0, 7.727614027530861, 6.047569202631237]}