{"max_reward": 1796.1469250760836, "inventory_position": [17.93375052696165, 17.422638636943244, 16.950920695848005, 16.514921826899926, 15.972485609542952, 7.71333559051741, 0.0, 0.0, 0.0, 0.0], "issuance": [0.0, 0.0, 0.0, 0.14236983969615216, 8.07584184660587, 7.713335590517409, 0.0, 0.0, 0.0, 0.0], "production": [0.12603899544385608, 6.93500017985238, 6.424992611523497], "purchasing": 18.488402605115194, "purchasing_cost": 3229.969574749475, "holding_cost": 237.66227053752215, "expected_revenues": 5186.244910038204, "decay_salvage": 77.5338603248872}