{"2DO+NVt": {"best_levels": [118.81713637891364, 70.05313969213398], "best_reward": 0.47927342465784034}, "2DO+VOL": {"best_levels": [120.2171363789136, 50.50719778449379], "best_reward": 0.4694362259061086}}