{"starting_price": 184.19707220017995, "starting_inventory": [38.176431599866156, 19.80222709860864, 0.0, 20.982441035386078, 0.0, 11.652775687170779, 0.0, 0.0, 7.494820408939445, 7.5874115651656755]}