{"2DO+NVt": {"best_levels": [114.3592961051882, 60.24710322301013], "best_reward": 0.40086539696488027}, "2DO+VOL": {"best_levels": [113.95929610518814, 37.20297225610708], "best_reward": 0.39114496849303987}}