{"starting_price": 184.19707220017995, "starting_inventory": [28.288786729378216, 18.78703311123157, 0.0, 35.126765154787336, 0.0, 8.517943237873187, 0.0, 0.0, 6.584986887585618, 5.442226282432523]}