{"2DO+NVt": {"best_levels": [113.63763586184913, 65.59130186951795], "best_reward": 0.22124725741079374}, "2DO+VOL": {"best_levels": [114.63763586184908, 62.84391130866256], "best_reward": 0.20211991773801902}}