{"starting_price": 175.7472446647534, "starting_inventory": [31.866899082016285, 12.345054239830954, 0.0, 31.325726948036433, 0.0, 9.871584716410581, 0.0, 0.0, 8.144824084185526, 5.779162456552691]}