{"2DO+NVt": {"best_levels": [114.33092137002329, 58.79092497557349], "best_reward": 0.6096441450954101}, "2DO+VOL": {"best_levels": [111.5309213700232, 36.48364748290145], "best_reward": 0.5983953333853465}}