{"starting_price": 184.19707220017995, "starting_inventory": [27.175661922631924, 22.959793914057766, 0.0, 28.454936375493354, 13.828836390029354, 6.9121073614431205, 0.0, 0.0, 3.150409900750287, 2.1992245295180006]}