{"starting_price": 175.7472446647534, "starting_inventory": [22.31439999615889, 18.736559220288463, 0.0, 31.086050995039407, 7.848481312693772, 13.870265819174396, 0.0, 0.0, 0.0, 0.0]}