{"max_reward": 2032.1751294771425, "inventory_position": [20.100525212573054, 19.527660244014722, 18.998948842908025, 18.510272129982376, 15.972485609542952, 7.71333559051741, 0.0, 0.0, 0.0, 0.0], "issuance": [0.0, 0.0, 0.0, 2.1377201427786017, 8.07584184660587, 7.713335590517409, 0.0, 0.0, 0.0, 0.0], "production": [1.8925082721940694, 6.93500017985238, 6.424992611523497], "purchasing": 20.722190940797002, "purchasing_cost": 3420.5682444045865, "holding_cost": 259.04630247608407, "expected_revenues": 5627.8181877284605, "decay_salvage": 83.9714886293531}