{"2DO+NVt": {"best_levels": [118.5289500416434, 70.14040963349248], "best_reward": 0.5676507543078361}, "2DO+VOL": {"best_levels": [113.52895004164337, 43.66828674344473], "best_reward": 0.5471965305817094}}