{"starting_price": 175.7472446647534, "starting_inventory": [27.31358132143722, 22.795084848474815, 0.0, 26.548357116750086, 8.660447124353494, 12.122932897925892, 0.0, 0.0, 2.943071447318913, 3.8117625809672524]}