{"2DO+NVt": {"best_levels": [118.79831564038894, 70.04426111429254], "best_reward": 0.7024643477397621}, "2DO+VOL": {"best_levels": [115.19831564038888, 43.11098278000476], "best_reward": 0.6941818307788451}}