{"starting_price": 184.19707220017995, "starting_inventory": [29.79223804329426, 26.61154692646926, 0.0, 24.929237031742534, 12.83811623988418, 9.637481338350682, 0.0, 0.0, 2.943071447318913, 3.0059586848247895]}