{"starting_price": 184.19707220017995, "starting_inventory": [26.71396068821826, 25.34840434901847, 0.0, 30.371005609578894, 8.715308255355918, 12.27442574608645, 0.0, 0.0, 0.7610369341088481, 6.369136519653943]}