{"2DO+NVt": {"best_levels": [90.52499497059739, 67.06464457610834], "best_reward": 0.28471676821826064}, "2DO+VOL": {"best_levels": [109.32499497059732, 77.29525120327578], "best_reward": 0.2175404395152928}}