{"starting_price": 175.7472446647534, "starting_inventory": [30.837762787635793, 0.6266989903466499, 0.0, 31.863925729488752, 0.0, 8.464104578845102, 0.0, 0.0, 8.47485276615908, 5.8412150331566]}