{"2DO+NVt": {"best_levels": [90.50545846953267, 67.05930037588887], "best_reward": 0.6127532192642693}, "2DO+VOL": {"best_levels": [102.80545846953262, 41.5115102631222], "best_reward": 0.5611129436507059}}