{"starting_price": 184.19707220017995, "starting_inventory": [26.003790971728325, 21.846077907965462, 0.0, 28.454936375493354, 1.215334390081019, 10.087744223300584, 0.0, 0.0, 1.741015997783054, 4.221444644207519]}