{"max_reward": 1625.389670878131, "inventory_position": [16.624611881361876, 16.15081044274306, 15.713527250005795, 15.309355687226583, 14.93526871050501, 7.234806773067859, 0.0, 0.0, 0.0, 0.0], "issuance": [0.0, 0.0, 0.0, 0.0, 7.528526049024501, 7.234806773067859, 0.0, 0.0, 0.0, 0.0], "production": [0.0, 6.465001481666125, 6.026391503036242], "purchasing": 17.13877513542458, "purchasing_cost": 3134.863966720268, "holding_cost": 220.8595576456061, "expected_revenues": 4909.0197996704765, "decay_salvage": 72.09339557354767}