{"starting_price": 175.7472446647534, "starting_inventory": [27.931835551823564, 28.45069980276858, 0.0, 28.454936375493354, 10.666471982908018, 10.696291131856444, 0.0, 0.0, 0.5570177189938345, 6.082032098867942]}