{"starting_price": 175.7472446647534, "starting_inventory": [24.56373473056402, 24.146646117543828, 0.0, 28.454936375493354, 12.207805303078521, 10.642197711200001, 0.0, 0.0, 0.0, 0.0]}