{"2DO+NVt": {"best_levels": [90.56875563976757, 67.0825495075519], "best_reward": 0.47405096717126277}, "2DO+VOL": {"best_levels": [102.16875563976751, 40.877784655286305], "best_reward": 0.40615235502509334}}