{"starting_price": 175.7472446647534, "starting_inventory": [29.670108664756988, 21.860492155735983, 0.0, 28.454936375493354, 0.0, 5.8731092396712015, 0.0, 0.0, 3.7658755253054093, 4.336748612762788]}