{"starting_price": 184.19707220017995, "starting_inventory": [25.926732050278616, 22.648503819205615, 0.0, 28.454936375493354, 11.946018160839108, 10.721957713235355, 0.0, 0.0, 0.0, 0.0]}