{"max_reward": 1831.712714764495, "inventory_position": [16.618252790851447, 16.144632586312177, 15.707516659037777, 15.303499696171501, 14.929555811689358, 7.207820436026668, 0.0, 0.0, 0.0, 0.0], "issuance": [0.0, 0.0, 0.0, 0.0, 7.550440820181204, 7.207820436026668, 0.0, 0.0, 0.0, 0.0], "production": [0.0, 6.825000482369439, 6.384992815890057], "purchasing": 17.132219372011765, "purchasing_cost": 3133.5209750510403, "holding_cost": 220.71309023973214, "expected_revenues": 5113.906861424099, "decay_salvage": 72.03991863119298}