{"2DO+NVt": {"best_levels": [118.72004661492628, 70.11607108895983], "best_reward": 0.3120314503709933}, "2DO+VOL": {"best_levels": [121.5200466149262, 51.25124976227188], "best_reward": 0.29229342759463794}}