{"starting_price": 175.7472446647534, "starting_inventory": [38.859576681277495, 15.69719190641845, 0.0, 9.025233304436723, 0.0, 19.818562089323688, 0.0, 0.0, 9.291181398700736, 9.126967286490821]}