{"starting_price": 184.19707220017995, "starting_inventory": [24.93361163433672, 23.771352805738243, 0.0, 29.365069911818743, 10.554862691683535, 11.17515861048932, 0.0, 0.0, 5.065083373062471, 2.251743543309652]}