{"starting_price": 184.19707220017995, "starting_inventory": [25.077755649019153, 22.950527813799795, 0.0, 31.689026575452836, 9.007430262459906, 12.695864721582113, 0.0, 0.0, 0.0, 0.0]}