{"2DO+NVt": {"best_levels": [92.86829440088172, 67.16391066353623], "best_reward": 0.6612469223307178}, "2DO+VOL": {"best_levels": [108.56829440088165, 41.44473746447536], "best_reward": 0.6402721637412965}}