{"starting_price": 184.19707220017995, "starting_inventory": [23.58681690214636, 21.949816401272965, 0.0, 28.454936375493354, 11.671958786907942, 2.411884462535611, 0.0, 0.0, 1.486966351622289, 1.1256151900777935]}