{"starting_price": 184.19707220017995, "starting_inventory": [23.633940428858295, 19.53865840857915, 0.0, 26.46306389599239, 9.494706802718627, 14.589376813126004, 0.0, 0.0, 0.0, 0.0]}