{"starting_price": 175.7472446647534, "starting_inventory": [25.044371440625227, 21.864111827720237, 0.0, 30.818119324454635, 2.4586250844688498, 18.217513600431975, 0.0, 0.0, 0.23114354908767085, 7.017304271438286]}