{"2DO+NVt": {"best_levels": [92.43572280984047, 69.05113617852119], "best_reward": 0.3332492894944357}, "2DO+VOL": {"best_levels": [115.83572280984036, 75.60579532496446], "best_reward": 0.3022400797652176}}