{"starting_price": 175.7472446647534, "starting_inventory": [35.095427275852735, 5.42738823406463, 0.0, 19.433975018210806, 0.0, 13.86840196975395, 0.0, 0.0, 7.118467173303317, 5.22715602950604]}