{"max_reward": 2274.5446425754512, "inventory_position": [23.022967932123418, 22.366813346057903, 21.761231874713385, 21.201505789355913, 15.495544670375315, 7.501324873240379, 0.0, 0.0, 0.0, 0.0], "issuance": [0.0, 0.0, 0.0, 5.317840786447337, 7.815950080084072, 7.501324873240379, 0.0, 0.0, 0.0, 0.0], "production": [4.905007021368382, 7.064999824138617, 6.644991485345599], "purchasing": 23.7350184867253, "purchasing_cost": 4005.517609733185, "holding_cost": 286.1232280820493, "expected_revenues": 6474.23579695055, "decay_salvage": 91.94968344013932}