{"2DO+NVt": {"best_levels": [92.19572605148755, 68.8802149833578], "best_reward": 0.5336618199183355}, "2DO+VOL": {"best_levels": [107.09572605148747, 75.7861504883504], "best_reward": 0.5040184658490934}}