{"starting_price": 175.7472446647534, "starting_inventory": [25.329106774621646, 21.60493941332165, 0.0, 28.454936375493354, 9.11424634517423, 2.9432769361718356, 0.0, 0.0, 1.5214182905631675, 1.8580513098354574]}