{"max_reward": 1976.933926088767, "inventory_position": [16.467182745780597, 15.997868037525851, 15.56472576040984, 15.164381557944896, 14.793837051254972, 7.140088642115078, 0.0, 0.0, 0.0, 0.0], "issuance": [0.0, 0.0, 0.0, 0.0, 7.484063506345102, 7.140088642115077, 0.0, 0.0, 0.0, 0.0], "production": [0.0, 6.765000647957265, 6.324993122311224], "purchasing": 16.976477057505726, "purchasing_cost": 2956.233948918206, "holding_cost": 218.70102176019205, "expected_revenues": 5080.486226533167, "decay_salvage": 71.38267023398811}