{"starting_price": 184.19707220017995, "starting_inventory": [27.07722112600821, 27.48976125669295, 0.0, 28.454936375493354, 11.0984023378635, 10.406444736204142, 0.0, 0.0, 3.423761900791558, 3.381941330917959]}