{"starting_price": 175.7472446647534, "starting_inventory": [24.328131007091173, 19.50921631829478, 0.0, 25.66097473257641, 9.229354869368754, 15.61389602587139, 0.0, 0.0, 0.0, 0.0]}