{"max_reward": 1770.6006114503114, "inventory_position": [16.465594860206085, 15.996325406690213, 15.563224896304076, 15.162919297940014, 14.792410521847483, 7.174887683968853, 0.0, 0.0, 0.0, 0.0], "issuance": [0.0, 0.0, 0.0, 0.0, 7.447010932461002, 7.174887683968853, 0.0, 0.0, 0.0, 0.0], "production": [0.0, 6.395001677464147, 5.976480579255924], "purchasing": 16.974840062068083, "purchasing_cost": 2955.8951890823405, "holding_cost": 218.77076028148747, "expected_revenues": 4873.852822397161, "decay_salvage": 71.41373841695851}